year,district,bach_deg_num,high_school_num,median_HH_income
2017,"Congressional District 1 (115th Congress), Alabama",80791,164976,25671
2017,"Congressional District 2 (115th Congress), Alabama",66060,148915,23495
2017,"Congressional District 3 (115th Congress), Alabama",60505,150380,24279
2017,"Congressional District 4 (115th Congress), Alabama",50197,160947,22404
2017,"Congressional District 5 (115th Congress), Alabama",99791,133786,27695
2017,"Congressional District 6 (115th Congress), Alabama",111486,122508,32942
2017,"Congressional District 7 (115th Congress), Alabama",59189,148470,19953
2017,"Congressional District (at Large) (115th Congress), Alaska",86444,133132,31686
2017,"Congressional District 1 (115th Congress), Arizona",75500,134446,25001
2017,"Congressional District 2 (115th Congress), Arizona",101259,100340,29215
2017,"Congressional District 3 (115th Congress), Arizona",51968,130406,22762
2017,"Congressional District 4 (115th Congress), Arizona",67941,173035,25405
2017,"Congressional District 5 (115th Congress), Arizona",131413,124694,35752
2017,"Congressional District 6 (115th Congress), Arizona",154467,103087,37671
2017,"Congressional District 7 (115th Congress), Arizona",45994,137688,23330
2017,"Congressional District 8 (115th Congress), Arizona",110959,139106,32539
2017,"Congressional District 9 (115th Congress), Arizona",123561,93691,32110
2017,"Congressional District 1 (115th Congress), Arkansas",53494,193380,22153
2017,"Congressional District 2 (115th Congress), Arkansas",94553,155412,27399
2017,"Congressional District 3 (115th Congress), Arkansas",99529,151807,26845
2017,"Congressional District 4 (115th Congress), Arkansas",53718,182686,21694
2017,"Congressional District 1 (115th Congress), California",80208,127359,25735
2017,"Congressional District 2 (115th Congress), California",130849,92059,34686
2017,"Congressional District 3 (115th Congress), California",77875,115632,28930
2017,"Congressional District 4 (115th Congress), California",113952,114800,35026
2017,"Congressional District 5 (115th Congress), California",110380,106461,35050
2017,"Congressional District 6 (115th Congress), California",91235,125112,28793
2017,"Congressional District 7 (115th Congress), California",115002,106920,34593
2017,"Congressional District 8 (115th Congress), California",47299,135135,24300
2017,"Congressional District 9 (115th Congress), California",73590,134410,29778
2017,"Congressional District 10 (115th Congress), California",59643,145722,29048
2017,"Congressional District 11 (115th Congress), California",147607,85337,38250
2017,"Congressional District 12 (115th Congress), California",224026,69525,51763
2017,"Congressional District 13 (115th Congress), California",148009,79580,36533
2017,"Congressional District 14 (115th Congress), California",156745,82959,42334
2017,"Congressional District 15 (115th Congress), California",152333,106621,47068
2017,"Congressional District 16 (115th Congress), California",37895,104195,20641
2017,"Congressional District 17 (115th Congress), California",156445,86440,50340
2017,"Congressional District 18 (115th Congress), California",160229,54469,55951
2017,"Congressional District 19 (115th Congress), California",118794,99462,36408
2017,"Congressional District 20 (115th Congress), California",79630,95993,28588
2017,"Congressional District 21 (115th Congress), California",26453,118619,20357
2017,"Congressional District 22 (115th Congress), California",76592,105019,27353
2017,"Congressional District 23 (115th Congress), California",62950,130765,26560
2017,"Congressional District 24 (115th Congress), California",97223,87611,30416
2017,"Congressional District 25 (115th Congress), California",86297,105201,32119
2017,"Congressional District 26 (115th Congress), California",105787,91925,32055
2017,"Congressional District 27 (115th Congress), California",135722,95701,33235
2017,"Congressional District 28 (115th Congress), California",171740,104630,31653
2017,"Congressional District 29 (115th Congress), California",72449,120289,24343
2017,"Congressional District 30 (115th Congress), California",163639,89995,36947
2017,"Congressional District 31 (115th Congress), California",78709,118946,26365
2017,"Congressional District 32 (115th Congress), California",76480,127345,25854
2017,"Congressional District 33 (115th Congress), California",188944,51536,50809
2017,"Congressional District 34 (115th Congress), California",104732,107682,22330
2017,"Congressional District 35 (115th Congress), California",54696,123058,24178
2017,"Congressional District 36 (115th Congress), California",68045,155990,25406
2017,"Congressional District 37 (115th Congress), California",114963,86750,30920
2017,"Congressional District 38 (115th Congress), California",80987,131005,30079
2017,"Congressional District 39 (115th Congress), California",138331,92619,33325
2017,"Congressional District 40 (115th Congress), California",33995,112153,21368
2017,"Congressional District 41 (115th Congress), California",50049,130589,25208
2017,"Congressional District 42 (115th Congress), California",93231,130267,31711
2017,"Congressional District 43 (115th Congress), California",95068,109256,26594
2017,"Congressional District 44 (115th Congress), California",46003,116316,22325
2017,"Congressional District 45 (115th Congress), California",181043,65516,45578
2017,"Congressional District 46 (115th Congress), California",66978,109890,25465
2017,"Congressional District 47 (115th Congress), California",109402,92089,31191
2017,"Congressional District 48 (115th Congress), California",152939,81400,38882
2017,"Congressional District 49 (115th Congress), California",135826,81278,36428
2017,"Congressional District 50 (115th Congress), California",99452,120235,31724
2017,"Congressional District 51 (115th Congress), California",50630,125808,22414
2017,"Congressional District 52 (115th Congress), California",181021,57866,44220
2017,"Congressional District 53 (115th Congress), California",134327,95642,35137
2017,"Congressional District 1 (115th Congress), Colorado",179623,105269,39137
2017,"Congressional District 2 (115th Congress), Colorado",180378,81487,36404
2017,"Congressional District 3 (115th Congress), Colorado",108366,135099,27843
2017,"Congressional District 4 (115th Congress), Colorado",129984,126249,35215
2017,"Congressional District 5 (115th Congress), Colorado",118935,115552,31455
2017,"Congressional District 6 (115th Congress), Colorado",154614,113747,37896
2017,"Congressional District 7 (115th Congress), Colorado",122994,138192,34740
2017,"Congressional District 1 (115th Congress), Connecticut",100102,132918,36202
2017,"Congressional District 2 (115th Congress), Connecticut",96775,144603,35193
2017,"Congressional District 3 (115th Congress), Connecticut",94447,152987,34752
2017,"Congressional District 4 (115th Congress), Connecticut",133151,102874,38966
2017,"Congressional District 5 (115th Congress), Connecticut",109316,143529,35933
2017,"Congressional District (at Large) (115th Congress), Delaware",121442,218309,32130
2017,"Delegate District (at Large) (115th Congress), District of Columbia",118172,85033,49075
2017,"Congressional District 1 (115th Congress), Florida",94011,138967,27694
2017,"Congressional District 2 (115th Congress), Florida",76401,168338,25896
2017,"Congressional District 3 (115th Congress), Florida",74244,157787,25044
2017,"Congressional District 4 (115th Congress), Florida",147731,132958,34116
2017,"Congressional District 5 (115th Congress), Florida",66881,158341,23885
2017,"Congressional District 6 (115th Congress), Florida",83559,185464,25752
2017,"Congressional District 7 (115th Congress), Florida",147036,104174,31069
2017,"Congressional District 8 (115th Congress), Florida",104346,161317,26671
2017,"Congressional District 9 (115th Congress), Florida",91492,170861,23973
2017,"Congressional District 10 (115th Congress), Florida",119047,140139,25183
2017,"Congressional District 11 (115th Congress), Florida",87103,215004,24280
2017,"Congressional District 12 (115th Congress), Florida",101647,181432,27887
2017,"Congressional District 13 (115th Congress), Florida",110486,164142,27675
2017,"Congressional District 14 (115th Congress), Florida",123161,145006,27410
2017,"Congressional District 15 (115th Congress), Florida",92162,171854,27835
2017,"Congressional District 16 (115th Congress), Florida",122934,169272,29827
2017,"Congressional District 17 (115th Congress), Florida",80488,214984,25356
2017,"Congressional District 18 (115th Congress), Florida",119846,159605,28796
2017,"Congressional District 19 (115th Congress), Florida",124222,184725,28640
2017,"Congressional District 20 (115th Congress), Florida",69613,169482,23917
2017,"Congressional District 21 (115th Congress), Florida",126455,145925,28778
2017,"Congressional District 22 (115th Congress), Florida",139872,139019,31888
2017,"Congressional District 23 (115th Congress), Florida",132922,115961,32405
2017,"Congressional District 24 (115th Congress), Florida",71369,173614,21737
2017,"Congressional District 25 (115th Congress), Florida",89806,180208,22050
2017,"Congressional District 26 (115th Congress), Florida",108722,155270,24924
2017,"Congressional District 27 (115th Congress), Florida",133944,126191,26037
2017,"Congressional District 1 (115th Congress), Georgia",74860,144540,26488
2017,"Congressional District 2 (115th Congress), Georgia",45276,154443,21693
2017,"Congressional District 3 (115th Congress), Georgia",89249,147630,28398
2017,"Congressional District 4 (115th Congress), Georgia",91964,132482,29771
2017,"Congressional District 5 (115th Congress), Georgia",120915,126464,29318
2017,"Congressional District 6 (115th Congress), Georgia",199812,67567,44928
2017,"Congressional District 7 (115th Congress), Georgia",147299,111004,34381
2017,"Congressional District 8 (115th Congress), Georgia",62174,156301,25028
2017,"Congressional District 9 (115th Congress), Georgia",75395,162283,25957
2017,"Congressional District 10 (115th Congress), Georgia",72931,163249,25761
2017,"Congressional District 11 (115th Congress), Georgia",137929,109684,34859
2017,"Congressional District 12 (115th Congress), Georgia",61046,152042,22031
2017,"Congressional District 13 (115th Congress), Georgia",82991,144008,29504
2017,"Congressional District 14 (115th Congress), Georgia",49770,164804,26370
2017,"Congressional District 1 (115th Congress), Hawaii",120131,130467,36409
2017,"Congressional District 2 (115th Congress), Hawaii",96862,150027,32921
2017,"Congressional District 1 (115th Congress), Idaho",103077,171930,26247
2017,"Congressional District 2 (115th Congress), Idaho",99723,141099,25143
2017,"Congressional District 1 (115th Congress), Illinois",78097,132940,26893
2017,"Congressional District 2 (115th Congress), Illinois",61680,139959,26579
2017,"Congressional District 3 (115th Congress), Illinois",92087,144784,32308
2017,"Congressional District 4 (115th Congress), Illinois",78803,124809,27129
2017,"Congressional District 5 (115th Congress), Illinois",180046,89914,45111
2017,"Congressional District 6 (115th Congress), Illinois",160712,83118,44606
2017,"Congressional District 7 (115th Congress), Illinois",112887,100670,31030
2017,"Congressional District 8 (115th Congress), Illinois",106562,122423,33618
2017,"Congressional District 9 (115th Congress), Illinois",164305,91032,36131
2017,"Congressional District 10 (115th Congress), Illinois",120248,98997,34293
2017,"Congressional District 11 (115th Congress), Illinois",106025,108432,34297
2017,"Congressional District 12 (115th Congress), Illinois",64614,152508,26538
2017,"Congressional District 13 (115th Congress), Illinois",81952,136190,27232
2017,"Congressional District 14 (115th Congress), Illinois",130189,116976,40373
2017,"Congressional District 15 (115th Congress), Illinois",62586,164613,27389
2017,"Congressional District 16 (115th Congress), Illinois",63286,161618,30220
2017,"Congressional District 17 (115th Congress), Illinois",60153,161449,25746
2017,"Congressional District 18 (115th Congress), Illinois",105671,141742,33421
2017,"Congressional District 1 (115th Congress), Indiana",76383,170121,29430
2017,"Congressional District 2 (115th Congress), Indiana",65774,160692,27286
2017,"Congressional District 3 (115th Congress), Indiana",74147,163296,29065
2017,"Congressional District 4 (115th Congress), Indiana",80698,171469,28603
2017,"Congressional District 5 (115th Congress), Indiana",158118,114974,36593
2017,"Congressional District 6 (115th Congress), Indiana",70334,188536,27389
2017,"Congressional District 7 (115th Congress), Indiana",76736,151447,25459
2017,"Congressional District 8 (115th Congress), Indiana",68218,164759,26623
2017,"Congressional District 9 (115th Congress), Indiana",82860,165473,28696
2017,"Congressional District 1 (115th Congress), Iowa",96770,166318,30766
2017,"Congressional District 2 (115th Congress), Iowa",95514,160325,29772
2017,"Congressional District 3 (115th Congress), Iowa",126005,150589,33649
2017,"Congressional District 4 (115th Congress), Iowa",88341,161998,29999
2017,"Congressional District 1 (115th Congress), Kansas",75051,126511,26455
2017,"Congressional District 2 (115th Congress), Kansas",86596,143714,27337
2017,"Congressional District 3 (115th Congress), Kansas",149759,91370,37034
2017,"Congressional District 4 (115th Congress), Kansas",92136,129174,28731
2017,"Congressional District 1 (115th Congress), Kentucky",44945,184944,22839
2017,"Congressional District 2 (115th Congress), Kentucky",58581,186020,26236
2017,"Congressional District 3 (115th Congress), Kentucky",97498,145146,30467
2017,"Congressional District 4 (115th Congress), Kentucky",90284,157713,30593
2017,"Congressional District 5 (115th Congress), Kentucky",34705,180924,18366
2017,"Congressional District 6 (115th Congress), Kentucky",97903,142313,26912
2017,"Congressional District 1 (115th Congress), Louisiana",108846,162196,30024
2017,"Congressional District 2 (115th Congress), Louisiana",74248,167820,21736
2017,"Congressional District 3 (115th Congress), Louisiana",78947,199412,25780
2017,"Congressional District 4 (115th Congress), Louisiana",61601,184088,21039
2017,"Congressional District 5 (115th Congress), Louisiana",60827,183540,21251
2017,"Congressional District 6 (115th Congress), Louisiana",97970,164470,31343
2017,"Congressional District 1 (115th Congress), Maine",117832,135209,31445
2017,"Congressional District 2 (115th Congress), Maine",76028,165507,25186
2017,"Congressional District 1 (115th Congress), Maryland",97110,152081,33478
2017,"Congressional District 2 (115th Congress), Maryland",100401,150255,35355
2017,"Congressional District 3 (115th Congress), Maryland",132208,106652,41881
2017,"Congressional District 4 (115th Congress), Maryland",97977,140089,39198
2017,"Congressional District 5 (115th Congress), Maryland",105769,137254,42630
2017,"Congressional District 6 (115th Congress), Maryland",116301,122236,35725
2017,"Congressional District 7 (115th Congress), Maryland",99715,124693,32289
2017,"Congressional District 8 (115th Congress), Maryland",139609,87568,47834
2017,"Congressional District 1 (115th Congress), Massachusetts",88906,154913,28970
2017,"Congressional District 2 (115th Congress), Massachusetts",116678,136089,32183
2017,"Congressional District 3 (115th Congress), Massachusetts",110491,136623,33913
2017,"Congressional District 4 (115th Congress), Massachusetts",136612,99437,42755
2017,"Congressional District 5 (115th Congress), Massachusetts",145535,102905,45428
2017,"Congressional District 6 (115th Congress), Massachusetts",151946,136117,40083
2017,"Congressional District 7 (115th Congress), Massachusetts",127508,126404,31442
2017,"Congressional District 8 (115th Congress), Massachusetts",153353,120683,43959
2017,"Congressional District 9 (115th Congress), Massachusetts",115557,150355,35101
2017,"Congressional District 1 (115th Congress), Michigan",86198,167578,25044
2017,"Congressional District 2 (115th Congress), Michigan",91014,150444,26882
2017,"Congressional District 3 (115th Congress), Michigan",106115,136680,30024
2017,"Congressional District 4 (115th Congress), Michigan",66106,168241,25056
2017,"Congressional District 5 (115th Congress), Michigan",59839,153631,24945
2017,"Congressional District 6 (115th Congress), Michigan",83411,140580,27969
2017,"Congressional District 7 (115th Congress), Michigan",72302,161963,30075
2017,"Congressional District 8 (115th Congress), Michigan",116925,106837,32309
2017,"Congressional District 9 (115th Congress), Michigan",96835,140540,31743
2017,"Congressional District 10 (115th Congress), Michigan",74208,156997,31019
2017,"Congressional District 11 (115th Congress), Michigan",146409,94675,40294
2017,"Congressional District 12 (115th Congress), Michigan",81196,120974,30951
2017,"Congressional District 13 (115th Congress), Michigan",45386,149864,21981
2017,"Congressional District 14 (115th Congress), Michigan",75431,120835,26890
2017,"Congressional District 1 (115th Congress), Minnesota",84479,134827,31454
2017,"Congressional District 2 (115th Congress), Minnesota",125635,107030,40488
2017,"Congressional District 3 (115th Congress), Minnesota",157011,89538,43329
2017,"Congressional District 4 (115th Congress), Minnesota",124879,95755,34169
2017,"Congressional District 5 (115th Congress), Minnesota",146349,87863,33819
2017,"Congressional District 6 (115th Congress), Minnesota",101889,128104,37177
2017,"Congressional District 7 (115th Congress), Minnesota",72411,149459,29986
2017,"Congressional District 8 (115th Congress), Minnesota",76227,146332,29105
2017,"Congressional District 1 (115th Congress), Mississippi",65430,158708,25502
2017,"Congressional District 2 (115th Congress), Mississippi",51619,138268,21145
2017,"Congressional District 3 (115th Congress), Mississippi",77074,145184,25349
2017,"Congressional District 4 (115th Congress), Mississippi",71097,153451,24343
2017,"Congressional District 1 (115th Congress), Missouri",88670,129961,26954
2017,"Congressional District 2 (115th Congress), Missouri",156037,99695,40226
2017,"Congressional District 3 (115th Congress), Missouri",95236,172964,31386
2017,"Congressional District 4 (115th Congress), Missouri",79926,170832,25754
2017,"Congressional District 5 (115th Congress), Missouri",93044,163700,30101
2017,"Congressional District 6 (115th Congress), Missouri",90204,177164,30170
2017,"Congressional District 7 (115th Congress), Missouri",86411,165408,25109
2017,"Congressional District 8 (115th Congress), Missouri",54269,197781,21339
2017,"Congressional District (at Large) (115th Congress), Montana",157326,203141,27191
2017,"Congressional District 1 (115th Congress), Nebraska",87515,107833,31296
2017,"Congressional District 2 (115th Congress), Nebraska",112528,91003,35215
2017,"Congressional District 3 (115th Congress), Nebraska",63287,132245,28722
2017,"Congressional District 1 (115th Congress), Nevada",51428,166308,24927
2017,"Congressional District 2 (115th Congress), Nevada",89351,132466,31847
2017,"Congressional District 3 (115th Congress), Nevada",124240,144648,35488
2017,"Congressional District 4 (115th Congress), Nevada",75091,149424,30330
2017,"Congressional District 1 (115th Congress), New Hampshire",111604,129387,35344
2017,"Congressional District 2 (115th Congress), New Hampshire",105146,139177,32608
2017,"Congressional District 1 (115th Congress), New Jersey",103373,153111,33617
2017,"Congressional District 2 (115th Congress), New Jersey",88017,163442,29811
2017,"Congressional District 3 (115th Congress), New Jersey",117468,165085,36677
2017,"Congressional District 4 (115th Congress), New Jersey",136155,131624,39104
2017,"Congressional District 5 (115th Congress), New Jersey",152591,121752,42380
2017,"Congressional District 6 (115th Congress), New Jersey",124048,128936,36713
2017,"Congressional District 7 (115th Congress), New Jersey",151275,111163,47373
2017,"Congressional District 8 (115th Congress), New Jersey",120030,152316,30756
2017,"Congressional District 9 (115th Congress), New Jersey",117799,169982,32089
2017,"Congressional District 10 (115th Congress), New Jersey",105705,159508,29751
2017,"Congressional District 11 (115th Congress), New Jersey",161044,108683,50393
2017,"Congressional District 12 (115th Congress), New Jersey",129394,131256,37267
2017,"Congressional District 1 (115th Congress), New Mexico",88503,116263,27272
2017,"Congressional District 2 (115th Congress), New Mexico",53497,128629,21245
2017,"Congressional District 3 (115th Congress), New Mexico",69995,125707,25440
2017,"Congressional District 1 (115th Congress), New York",102279,138437,40315
2017,"Congressional District 2 (115th Congress), New York",91813,142077,36997
2017,"Congressional District 3 (115th Congress), New York",144278,101534,44228
2017,"Congressional District 4 (115th Congress), New York",116642,121230,40560
2017,"Congressional District 5 (115th Congress), New York",97758,162889,30876
2017,"Congressional District 6 (115th Congress), New York",115755,153149,30917
2017,"Congressional District 7 (115th Congress), New York",108118,121391,27553
2017,"Congressional District 8 (115th Congress), New York",108697,165725,30104
2017,"Congressional District 9 (115th Congress), New York",114413,143590,31772
2017,"Congressional District 10 (115th Congress), New York",158122,74244,50219
2017,"Congressional District 11 (115th Congress), New York",109399,149971,34809
2017,"Congressional District 12 (115th Congress), New York",224422,53310,67111
2017,"Congressional District 13 (115th Congress), New York",102809,125450,23965
2017,"Congressional District 14 (115th Congress), New York",85035,158369,29366
2017,"Congressional District 15 (115th Congress), New York",48830,131717,16883
2017,"Congressional District 16 (115th Congress), New York",103488,118443,33878
2017,"Congressional District 17 (115th Congress), New York",116731,104269,38784
2017,"Congressional District 18 (115th Congress), New York",98438,129924,36953
2017,"Congressional District 19 (115th Congress), New York",81438,162146,30204
2017,"Congressional District 20 (115th Congress), New York",102067,121297,34360
2017,"Congressional District 21 (115th Congress), New York",64222,176410,28369
2017,"Congressional District 22 (115th Congress), New York",67076,161902,27055
2017,"Congressional District 23 (115th Congress), New York",64963,159071,25297
2017,"Congressional District 24 (115th Congress), New York",85437,139190,30170
2017,"Congressional District 25 (115th Congress), New York",99490,121824,30130
2017,"Congressional District 26 (115th Congress), New York",91198,138381,27357
2017,"Congressional District 27 (115th Congress), New York",92002,158125,32084
2017,"Congressional District 1 (115th Congress), North Carolina",89398,144632,24656
2017,"Congressional District 2 (115th Congress), North Carolina",132615,131365,32123
2017,"Congressional District 3 (115th Congress), North Carolina",79128,139052,25878
2017,"Congressional District 4 (115th Congress), North Carolina",177115,82937,36653
2017,"Congressional District 5 (115th Congress), North Carolina",92086,145161,25731
2017,"Congressional District 6 (115th Congress), North Carolina",85132,154153,27045
2017,"Congressional District 7 (115th Congress), North Carolina",99164,158221,25798
2017,"Congressional District 8 (115th Congress), North Carolina",95014,140980,26960
2017,"Congressional District 9 (115th Congress), North Carolina",115000,131145,29970
2017,"Congressional District 10 (115th Congress), North Carolina",84271,161895,25312
2017,"Congressional District 11 (115th Congress), North Carolina",92536,157609,24363
2017,"Congressional District 12 (115th Congress), North Carolina",161265,109615,31951
2017,"Congressional District 13 (115th Congress), North Carolina",104015,143790,26929
2017,"Congressional District (at Large) (115th Congress), North Dakota",108045,130900,33648
2017,"Congressional District 1 (115th Congress), Ohio",107387,140066,31069
2017,"Congressional District 2 (115th Congress), Ohio",93316,161287,30863
2017,"Congressional District 3 (115th Congress), Ohio",91865,154272,26270
2017,"Congressional District 4 (115th Congress), Ohio",58661,198983,27737
2017,"Congressional District 5 (115th Congress), Ohio",79498,170967,29833
2017,"Congressional District 6 (115th Congress), Ohio",49448,217743,25091
2017,"Congressional District 7 (115th Congress), Ohio",65296,200143,27897
2017,"Congressional District 8 (115th Congress), Ohio",73489,182648,29896
2017,"Congressional District 9 (115th Congress), Ohio",70240,162215,25551
2017,"Congressional District 10 (115th Congress), Ohio",85014,135686,27627
2017,"Congressional District 11 (115th Congress), Ohio",68882,136087,22798
2017,"Congressional District 12 (115th Congress), Ohio",140576,134552,34013
2017,"Congressional District 13 (115th Congress), Ohio",75506,199288,25430
2017,"Congressional District 14 (115th Congress), Ohio",110455,146469,32477
2017,"Congressional District 15 (115th Congress), Ohio",102190,171473,32628
2017,"Congressional District 16 (115th Congress), Ohio",110111,149330,32946
2017,"Congressional District 1 (115th Congress), Oklahoma",108074,140809,29193
2017,"Congressional District 2 (115th Congress), Oklahoma",56241,190251,21998
2017,"Congressional District 3 (115th Congress), Oklahoma",77390,169368,25671
2017,"Congressional District 4 (115th Congress), Oklahoma",88300,162593,27162
2017,"Congressional District 5 (115th Congress), Oklahoma",107238,141224,27802
2017,"Congressional District 1 (115th Congress), Oregon",156260,109882,35749
2017,"Congressional District 2 (115th Congress), Oregon",92917,161832,26504
2017,"Congressional District 3 (115th Congress), Oregon",154584,119606,31676
2017,"Congressional District 4 (115th Congress), Oregon",91228,144456,24460
2017,"Congressional District 5 (115th Congress), Oregon",114171,138034,31048
2017,"Congressional District 1 (115th Congress), Pennsylvania",80574,173765,26854
2017,"Congressional District 2 (115th Congress), Pennsylvania",91094,150300,25984
2017,"Congressional District 3 (115th Congress), Pennsylvania",85961,194130,26547
2017,"Congressional District 4 (115th Congress), Pennsylvania",88479,184322,31644
2017,"Congressional District 5 (115th Congress), Pennsylvania",74424,203473,24807
2017,"Congressional District 6 (115th Congress), Pennsylvania",134387,140423,37809
2017,"Congressional District 7 (115th Congress), Pennsylvania",130577,131213,40437
2017,"Congressional District 8 (115th Congress), Pennsylvania",121419,145390,39341
2017,"Congressional District 9 (115th Congress), Pennsylvania",63731,215649,25727
2017,"Congressional District 10 (115th Congress), Pennsylvania",69268,203702,26352
2017,"Congressional District 11 (115th Congress), Pennsylvania",76549,202239,29953
2017,"Congressional District 12 (115th Congress), Pennsylvania",98221,177878,32097
2017,"Congressional District 13 (115th Congress), Pennsylvania",112547,165191,32509
2017,"Congressional District 14 (115th Congress), Pennsylvania",100209,150209,27350
2017,"Congressional District 15 (115th Congress), Pennsylvania",88858,175183,30492
2017,"Congressional District 16 (115th Congress), Pennsylvania",82346,167687,28713
2017,"Congressional District 17 (115th Congress), Pennsylvania",74067,195539,27098
2017,"Congressional District 18 (115th Congress), Pennsylvania",124686,158204,33111
2017,"Congressional District 1 (115th Congress), Rhode Island",74343,111916,28875
2017,"Congressional District 2 (115th Congress), Rhode Island",75356,108697,32026
2017,"Congressional District 1 (115th Congress), South Carolina",135941,131118,33234
2017,"Congressional District 2 (115th Congress), South Carolina",104275,133997,30163
2017,"Congressional District 3 (115th Congress), South Carolina",63939,147415,23811
2017,"Congressional District 4 (115th Congress), South Carolina",96373,124548,27000
2017,"Congressional District 5 (115th Congress), South Carolina",81465,151048,26753
2017,"Congressional District 6 (115th Congress), South Carolina",52283,152066,20849
2017,"Congressional District 7 (115th Congress), South Carolina",72748,175880,22440
2017,"Congressional District (at Large) (115th Congress), South Dakota",109803,176709,30245
2017,"Congressional District 1 (115th Congress), Tennessee",64326,187076,21990
2017,"Congressional District 2 (115th Congress), Tennessee",96597,154183,27286
2017,"Congressional District 3 (115th Congress), Tennessee",81719,180708,25246
2017,"Congressional District 4 (115th Congress), Tennessee",87645,175668,27787
2017,"Congressional District 5 (115th Congress), Tennessee",134829,130526,31116
2017,"Congressional District 6 (115th Congress), Tennessee",79436,195076,26530
2017,"Congressional District 7 (115th Congress), Tennessee",96608,167520,28774
2017,"Congressional District 8 (115th Congress), Tennessee",84048,155311,29069
2017,"Congressional District 9 (115th Congress), Tennessee",65632,142012,24269
2017,"Congressional District 1 (115th Congress), Texas",67293,129922,24236
2017,"Congressional District 2 (115th Congress), Texas",140583,97199,36842
2017,"Congressional District 3 (115th Congress), Texas",196693,77784,45710
2017,"Congressional District 4 (115th Congress), Texas",77246,158426,27619
2017,"Congressional District 5 (115th Congress), Texas",62625,151694,27143
2017,"Congressional District 6 (115th Congress), Texas",97093,123329,32471
2017,"Congressional District 7 (115th Congress), Texas",150044,80753,39177
2017,"Congressional District 8 (115th Congress), Texas",117313,153905,32519
2017,"Congressional District 9 (115th Congress), Texas",83395,131068,26427
2017,"Congressional District 10 (115th Congress), Texas",147913,127834,37893
2017,"Congressional District 11 (115th Congress), Texas",71280,157751,28788
2017,"Congressional District 12 (115th Congress), Texas",115879,132782,32938
2017,"Congressional District 13 (115th Congress), Texas",66740,145731,26951
2017,"Congressional District 14 (115th Congress), Texas",81426,150315,30282
2017,"Congressional District 15 (115th Congress), Texas",62152,118358,19978
2017,"Congressional District 16 (115th Congress), Texas",72730,106163,22785
2017,"Congressional District 17 (115th Congress), Texas",95018,124687,26779
2017,"Congressional District 18 (115th Congress), Texas",70839,140639,26151
2017,"Congressional District 19 (115th Congress), Texas",67842,133070,24736
2017,"Congressional District 20 (115th Congress), Texas",80895,135226,25183
2017,"Congressional District 21 (115th Congress), Texas",162515,102894,35571
2017,"Congressional District 22 (115th Congress), Texas",165234,92266,40433
2017,"Congressional District 23 (115th Congress), Texas",73665,131585,23991
2017,"Congressional District 24 (115th Congress), Texas",161339,102225,40820
2017,"Congressional District 25 (115th Congress), Texas",128004,116678,33190
2017,"Congressional District 26 (115th Congress), Texas",172391,98465,41293
2017,"Congressional District 27 (115th Congress), Texas",66462,149556,26576
2017,"Congressional District 28 (115th Congress), Texas",56162,132063,22338
2017,"Congressional District 29 (115th Congress), Texas",33708,131005,23928
2017,"Congressional District 30 (115th Congress), Texas",66472,139846,27272
2017,"Congressional District 31 (115th Congress), Texas",132241,126346,34533
2017,"Congressional District 32 (115th Congress), Texas",142848,88272,35753
2017,"Congressional District 33 (115th Congress), Texas",31985,130648,24119
2017,"Congressional District 34 (115th Congress), Texas",48991,123688,19277
2017,"Congressional District 35 (115th Congress), Texas",82009,150951,26340
2017,"Congressional District 36 (115th Congress), Texas",61286,159552,29608
2017,"Congressional District 1 (115th Congress), Utah",93359,111799,29423
2017,"Congressional District 2 (115th Congress), Utah",98790,111194,28842
2017,"Congressional District 3 (115th Congress), Utah",116292,70331,27216
2017,"Congressional District 4 (115th Congress), Utah",108363,114754,31811
2017,"Congressional District (at Large) (115th Congress), Vermont",98774,127426,29800
2017,"Congressional District 1 (115th Congress), Virginia",123179,134568,38171
2017,"Congressional District 2 (115th Congress), Virginia",106167,112738,32650
2017,"Congressional District 3 (115th Congress), Virginia",81599,136462,27567
2017,"Congressional District 4 (115th Congress), Virginia",94284,149448,28639
2017,"Congressional District 5 (115th Congress), Virginia",89616,151881,27458
2017,"Congressional District 6 (115th Congress), Virginia",85241,164627,26947
2017,"Congressional District 7 (115th Congress), Virginia",134603,133743,37123
2017,"Congressional District 8 (115th Congress), Virginia",176220,74778,53745
2017,"Congressional District 9 (115th Congress), Virginia",58121,168709,22316
2017,"Congressional District 10 (115th Congress), Virginia",169183,89018,50228
2017,"Congressional District 11 (115th Congress), Virginia",151977,80515,49341
2017,"Congressional District 1 (115th Congress), Washington",142619,99582,42201
2017,"Congressional District 2 (115th Congress), Washington",113327,119029,33197
2017,"Congressional District 3 (115th Congress), Washington",87448,129904,31329
2017,"Congressional District 4 (115th Congress), Washington",57352,122244,26335
2017,"Congressional District 5 (115th Congress), Washington",89845,113825,27660
2017,"Congressional District 6 (115th Congress), Washington",94679,126901,32158
2017,"Congressional District 7 (115th Congress), Washington",199907,61370,47977
2017,"Congressional District 8 (115th Congress), Washington",110853,124297,37099
2017,"Congressional District 9 (115th Congress), Washington",142711,103303,37191
2017,"Congressional District 10 (115th Congress), Washington",91651,127829,33430
2017,"Congressional District 1 (115th Congress), West Virginia",56748,169944,24436
2017,"Congressional District 2 (115th Congress), West Virginia",56917,176893,26194
2017,"Congressional District 3 (115th Congress), West Virginia",42713,179815,20887
2017,"Congressional District 1 (115th Congress), Wisconsin",97269,151641,32580
2017,"Congressional District 2 (115th Congress), Wisconsin",127852,116529,35219
2017,"Congressional District 3 (115th Congress), Wisconsin",83216,156492,28038
2017,"Congressional District 4 (115th Congress), Wisconsin",77113,137821,25989
2017,"Congressional District 5 (115th Congress), Wisconsin",132537,138930,35506
2017,"Congressional District 6 (115th Congress), Wisconsin",89595,171403,31200
2017,"Congressional District 7 (115th Congress), Wisconsin",79232,177102,29225
2017,"Congressional District 8 (115th Congress), Wisconsin",95862,164996,31795
2017,"Congressional District (at Large) (115th Congress), Wyoming",67312,114739,31213
