year,district,black_pop,total_pop,white_pop,mortgage_cost,median_age,bach_deg_num,high_school_num,median_HH_income,unemp_rate
2017,"Congressional District 1 (115th Congress), Alabama",198799,713410,479792,796,40.0,80791.0,164976.0,25671.0,5.8
2017,"Congressional District 2 (115th Congress), Alabama",207087,673776,434984,733,38.5,66060.0,148915.0,23495.0,6.2
2017,"Congressional District 3 (115th Congress), Alabama",187176,710488,487936,655,38.1,60505.0,150380.0,24279.0,5.3
2017,"Congressional District 4 (115th Congress), Alabama",49177,685553,594163,578,40.7,50197.0,160947.0,22404.0,6.0
2017,"Congressional District 5 (115th Congress), Alabama",129234,718713,544610,754,39.5,99791.0,133786.0,27695.0,4.7
2017,"Congressional District 6 (115th Congress), Alabama",111541,700401,548436,972,39.1,111486.0,122508.0,32942.0,4.4
2017,"Congressional District 7 (115th Congress), Alabama",424453,672406,222797,701,36.3,59189.0,148470.0,19953.0,9.0
2017,"Congressional District (at Large) (115th Congress), Alaska",22107,739795,474856,1285,34.5,86444.0,133132.0,31686.0,7.6
2017,"Congressional District 1 (115th Congress), Arizona",17786,765810,509036,820,37.6,75500.0,134446.0,25001.0,8.0
2017,"Congressional District 2 (115th Congress), Arizona",28969,720429,588191,885,41.4,101259.0,100340.0,29215.0,6.9
2017,"Congressional District 3 (115th Congress), Arizona",33278,773297,541057,918,31.8,51968.0,130406.0,22762.0,7.9
2017,"Congressional District 4 (115th Congress), Arizona",12959,771214,683277,838,48.1,67941.0,173035.0,25405.0,6.2
2017,"Congressional District 5 (115th Congress), Arizona",25714,822497,694713,1271,38.0,131413.0,124694.0,35752.0,3.7
2017,"Congressional District 6 (115th Congress), Arizona",20135,783087,665644,1229,42.3,154467.0,103087.0,37671.0,4.4
2017,"Congressional District 7 (115th Congress), Arizona",87049,833654,553328,930,29.7,45994.0,137688.0,23330.0,7.0
2017,"Congressional District 8 (115th Congress), Arizona",32287,777208,642289,1145,43.1,110959.0,139106.0,32539.0,4.4
2017,"Congressional District 9 (115th Congress), Arizona",49478,769074,564882,1089,33.5,123561.0,93691.0,32110.0,4.7
2017,"Congressional District 1 (115th Congress), Arkansas",123723,722287,557968,604,39.7,53494.0,193380.0,22153.0,6.0
2017,"Congressional District 2 (115th Congress), Arkansas",175520,765193,540475,811,37.4,94553.0,155412.0,27399.0,5.0
2017,"Congressional District 3 (115th Congress), Arkansas",23473,807421,669282,760,35.5,99529.0,151807.0,26845.0,5.0
2017,"Congressional District 4 (115th Congress), Arkansas",135651,709378,525582,569,40.8,53718.0,182686.0,21694.0,6.7
2017,"Congressional District 1 (115th Congress), California",12970,718214,617412,1014,42.3,80208.0,127359.0,25735.0,5.8
2017,"Congressional District 2 (115th Congress), California",9587,717999,567892,1613,44.3,130849.0,92059.0,34686.0,5.0
2017,"Congressional District 3 (115th Congress), California",46683,750271,508019,1357,35.2,77875.0,115632.0,28930.0,5.7
2017,"Congressional District 4 (115th Congress), California",9752,748410,634393,1494,44.6,113952.0,114800.0,35026.0,4.4
2017,"Congressional District 5 (115th Congress), California",43914,732438,452155,1657,40.2,110380.0,106461.0,35050.0,4.8
2017,"Congressional District 6 (115th Congress), California",99006,764344,370267,1226,34.4,91235.0,125112.0,28793.0,7.7
2017,"Congressional District 7 (115th Congress), California",50137,750860,470796,1458,38.7,115002.0,106920.0,34593.0,5.6
2017,"Congressional District 8 (115th Congress), California",49699,721449,552585,1096,34.2,47299.0,135135.0,24300.0,9.7
2017,"Congressional District 9 (115th Congress), California",69130,774266,406224,1380,35.0,73590.0,134410.0,29778.0,7.0
2017,"Congressional District 10 (115th Congress), California",25902,758005,561987,1272,34.6,59643.0,145722.0,29048.0,7.0
2017,"Congressional District 11 (115th Congress), California",60493,764135,454724,1918,39.7,147607.0,85337.0,38250.0,5.2
2017,"Congressional District 12 (115th Congress), California",41427,774736,369755,1982,38.2,224026.0,69525.0,51763.0,3.6
2017,"Congressional District 13 (115th Congress), California",128064,766731,317337,1696,36.8,148009.0,79580.0,36533.0,5.9
2017,"Congressional District 14 (115th Congress), California",22042,756389,320344,2343,39.4,156745.0,82959.0,42334.0,3.8
2017,"Congressional District 15 (115th Congress), California",44801,785387,331442,2240,38.5,152333.0,106621.0,47068.0,3.3
2017,"Congressional District 16 (115th Congress), California",37218,729788,423863,974,30.8,37895.0,104195.0,20641.0,11.3
2017,"Congressional District 17 (115th Congress), California",23236,771078,213102,2399,36.8,156445.0,86440.0,50340.0,3.8
2017,"Congressional District 18 (115th Congress), California",12740,742728,464984,2523,39.8,160229.0,54469.0,55951.0,3.7
2017,"Congressional District 19 (115th Congress), California",19473,770105,329817,2203,36.7,118794.0,99462.0,36408.0,4.7
2017,"Congressional District 20 (115th Congress), California",14738,744295,430748,1633,34.9,79630.0,95993.0,28588.0,6.1
2017,"Congressional District 21 (115th Congress), California",25784,723549,518307,921,30.0,26453.0,118619.0,20357.0,9.2
2017,"Congressional District 22 (115th Congress), California",27851,760328,540781,1129,32.2,76592.0,105019.0,27353.0,7.2
2017,"Congressional District 23 (115th Congress), California",44295,745328,560589,1114,34.5,62950.0,130765.0,26560.0,9.0
2017,"Congressional District 24 (115th Congress), California",13378,740039,596837,1570,36.0,97223.0,87611.0,30416.0,5.0
2017,"Congressional District 25 (115th Congress), California",51987,721740,457045,1673,35.8,86297.0,105201.0,32119.0,5.8
2017,"Congressional District 26 (115th Congress), California",15380,732091,588300,1825,38.0,105787.0,91925.0,32055.0,5.2
2017,"Congressional District 27 (115th Congress), California",29913,717980,265889,1646,41.2,135722.0,95701.0,33235.0,4.3
2017,"Congressional District 28 (115th Congress), California",24215,719156,490429,1647,40.3,171740.0,104630.0,31653.0,6.1
2017,"Congressional District 29 (115th Congress), California",27851,713745,404339,1444,35.3,72449.0,120289.0,24343.0,5.5
2017,"Congressional District 30 (115th Congress), California",36624,771201,486606,1941,39.3,163639.0,89995.0,36947.0,6.0
2017,"Congressional District 31 (115th Congress), California",84418,762208,452790,1381,33.0,78709.0,118946.0,26365.0,8.1
2017,"Congressional District 32 (115th Congress), California",16202,725317,314430,1501,37.1,76480.0,127345.0,25854.0,6.0
2017,"Congressional District 33 (115th Congress), California",22531,705588,509336,2272,41.2,188944.0,51536.0,50809.0,5.0
2017,"Congressional District 34 (115th Congress), California",34148,763303,282523,1242,34.8,104732.0,107682.0,22330.0,6.8
2017,"Congressional District 35 (115th Congress), California",47636,745237,341600,1408,32.6,54696.0,123058.0,24178.0,6.8
2017,"Congressional District 36 (115th Congress), California",34441,737403,521771,1121,43.7,68045.0,155990.0,25406.0,9.3
2017,"Congressional District 37 (115th Congress), California",167539,713530,290173,1595,35.5,114963.0,86750.0,30920.0,6.4
2017,"Congressional District 38 (115th Congress), California",29943,718428,298107,1575,37.0,80987.0,131005.0,30079.0,5.0
2017,"Congressional District 39 (115th Congress), California",17267,736480,369482,1835,38.4,138331.0,92619.0,33325.0,5.2
2017,"Congressional District 40 (115th Congress), California",39026,738618,395417,1238,30.6,33995.0,112153.0,21368.0,6.8
2017,"Congressional District 41 (115th Congress), California",69553,765770,309958,1442,30.7,50049.0,130589.0,25208.0,8.3
2017,"Congressional District 42 (115th Congress), California",51834,826899,479369,1868,34.6,93231.0,130267.0,31711.0,6.1
2017,"Congressional District 43 (115th Congress), California",172010,745656,260614,1393,36.1,95068.0,109256.0,26594.0,6.2
2017,"Congressional District 44 (115th Congress), California",102749,717097,293616,1314,32.3,46003.0,116316.0,22325.0,8.1
2017,"Congressional District 45 (115th Congress), California",15666,777871,472558,2201,38.8,181043.0,65516.0,45578.0,4.0
2017,"Congressional District 46 (115th Congress), California",13617,734649,378893,1570,32.4,66978.0,109890.0,25465.0,4.7
2017,"Congressional District 47 (115th Congress), California",51668,723526,388169,1522,37.5,109402.0,92089.0,31191.0,4.8
2017,"Congressional District 48 (115th Congress), California",7616,721632,488364,1940,42.9,152939.0,81400.0,38882.0,3.8
2017,"Congressional District 49 (115th Congress), California",18868,747350,569225,1997,39.5,135826.0,81278.0,36428.0,4.6
2017,"Congressional District 50 (115th Congress), California",18318,754388,577251,1706,37.3,99452.0,120235.0,31724.0,4.8
2017,"Congressional District 51 (115th Congress), California",54650,746496,487406,1212,32.5,50630.0,125808.0,22414.0,10.4
2017,"Congressional District 52 (115th Congress), California",20798,768240,510283,2093,36.2,181021.0,57866.0,44220.0,5.1
2017,"Congressional District 53 (115th Congress), California",63129,774182,483466,1682,35.2,134327.0,95642.0,35137.0,6.0
2017,"Congressional District 1 (115th Congress), Colorado",65562,826995,644168,1371,35.2,179623.0,105269.0,39137.0,3.1
2017,"Congressional District 2 (115th Congress), Colorado",8640,799734,729280,1450,38.1,180378.0,81487.0,36404.0,4.1
2017,"Congressional District 3 (115th Congress), Colorado",6490,749478,663374,920,40.3,108366.0,135099.0,27843.0,6.1
2017,"Congressional District 4 (115th Congress), Colorado",11150,817251,733800,1271,37.1,129984.0,126249.0,35215.0,3.9
2017,"Congressional District 5 (115th Congress), Colorado",45490,799622,647299,1192,35.6,118935.0,115552.0,31455.0,5.6
2017,"Congressional District 6 (115th Congress), Colorado",77076,814636,600831,1490,36.5,154614.0,113747.0,37896.0,3.9
2017,"Congressional District 7 (115th Congress), Colorado",15028,799438,701743,1373,36.1,122994.0,138192.0,34740.0,3.3
2017,"Congressional District 1 (115th Congress), Connecticut",110085,710509,486308,1290,40.6,100102.0,132918.0,36202.0,6.2
2017,"Congressional District 2 (115th Congress), Connecticut",27326,705217,605201,1260,42.6,96775.0,144603.0,35193.0,4.6
2017,"Congressional District 3 (115th Congress), Connecticut",102989,716547,522014,1355,39.4,94447.0,152987.0,34752.0,6.9
2017,"Congressional District 4 (115th Congress), Connecticut",82988,737616,542303,1868,40.0,133151.0,102874.0,38966.0,6.8
2017,"Congressional District 5 (115th Congress), Connecticut",57190,718295,567187,1312,42.4,109316.0,143529.0,35933.0,5.9
2017,"Congressional District (at Large) (115th Congress), Delaware",210356,961939,662084,1126,40.1,121442.0,218309.0,32130.0,5.3
2017,"Delegate District (at Large) (115th Congress), District of Columbia",318220,693972,284536,1641,34.0,118172.0,85033.0,49075.0,6.6
2017,"Congressional District 1 (115th Congress), Florida",102046,770361,588485,973,38.5,94011.0,138967.0,27694.0,5.3
2017,"Congressional District 2 (115th Congress), Florida",99494,731845,591584,784,41.9,76401.0,168338.0,25896.0,6.4
2017,"Congressional District 3 (115th Congress), Florida",115769,739130,558581,846,37.6,74244.0,157787.0,25044.0,5.6
2017,"Congressional District 4 (115th Congress), Florida",75962,800494,650103,1199,39.6,147731.0,132958.0,34116.0,4.5
2017,"Congressional District 5 (115th Congress), Florida",347173,729175,324724,861,34.0,66881.0,158341.0,23885.0,8.0
2017,"Congressional District 6 (115th Congress), Florida",78757,764500,632897,904,47.9,83559.0,185464.0,25752.0,4.9
2017,"Congressional District 7 (115th Congress), Florida",80419,772969,592201,1182,36.5,147036.0,104174.0,31069.0,4.2
2017,"Congressional District 8 (115th Congress), Florida",71454,756993,630082,900,48.5,104346.0,161317.0,26671.0,4.5
2017,"Congressional District 9 (115th Congress), Florida",117943,868945,632876,1047,38.3,91492.0,170861.0,23973.0,4.8
2017,"Congressional District 10 (115th Congress), Florida",239686,830014,448512,1139,35.0,119047.0,140139.0,25183.0,5.5
2017,"Congressional District 11 (115th Congress), Florida",55718,770114,674987,684,55.5,87103.0,215004.0,24280.0,7.3
2017,"Congressional District 12 (115th Congress), Florida",38440,779151,684803,938,46.5,101647.0,181432.0,27887.0,5.4
2017,"Congressional District 13 (115th Congress), Florida",93502,730650,570573,970,46.9,110486.0,164142.0,27675.0,5.5
2017,"Congressional District 14 (115th Congress), Florida",140160,776940,555232,1098,37.1,123161.0,145006.0,27410.0,5.7
2017,"Congressional District 15 (115th Congress), Florida",133833,804652,591057,1009,37.7,92162.0,171854.0,27835.0,4.6
2017,"Congressional District 16 (115th Congress), Florida",72444,814209,685108,1083,47.3,122934.0,169272.0,29827.0,4.6
2017,"Congressional District 17 (115th Congress), Florida",58817,778091,674376,752,51.5,80488.0,214984.0,25356.0,5.4
2017,"Congressional District 18 (115th Congress), Florida",100662,772184,620382,1132,47.7,119846.0,159605.0,28796.0,4.9
2017,"Congressional District 19 (115th Congress), Florida",59262,814074,696230,1080,51.3,124222.0,184725.0,28640.0,4.8
2017,"Congressional District 20 (115th Congress), Florida",417013,776092,299551,1117,36.6,69613.0,169482.0,23917.0,6.8
2017,"Congressional District 21 (115th Congress), Florida",132577,788240,597999,1204,46.1,126455.0,145925.0,28778.0,5.8
2017,"Congressional District 22 (115th Congress), Florida",114346,757352,579779,1372,45.1,139872.0,139019.0,31888.0,5.8
2017,"Congressional District 23 (115th Congress), Florida",117992,753950,543715,1423,41.0,132922.0,115961.0,32405.0,5.5
2017,"Congressional District 24 (115th Congress), Florida",376755,770480,336665,1119,37.0,71369.0,173614.0,21737.0,9.4
2017,"Congressional District 25 (115th Congress), Florida",35161,780826,705942,1181,42.7,89806.0,180208.0,22050.0,4.1
2017,"Congressional District 26 (115th Congress), Florida",77384,797160,651995,1384,38.7,108722.0,155270.0,24924.0,5.5
2017,"Congressional District 27 (115th Congress), Florida",41739,755809,649876,1414,42.1,133944.0,126191.0,26037.0,4.6
2017,"Congressional District 1 (115th Congress), Georgia",218988,747334,473783,919,35.6,74860.0,144540.0,26488.0,6.8
2017,"Congressional District 2 (115th Congress), Georgia",351267,674100,285379,695,36.0,45276.0,154443.0,21693.0,9.8
2017,"Congressional District 3 (115th Congress), Georgia",180429,738066,511544,952,38.6,89249.0,147630.0,28398.0,5.9
2017,"Congressional District 4 (115th Congress), Georgia",461416,765854,203164,1081,36.4,91964.0,132482.0,29771.0,6.2
2017,"Congressional District 5 (115th Congress), Georgia",457063,784370,250754,1111,33.0,120915.0,126464.0,29318.0,6.9
2017,"Congressional District 6 (115th Congress), Georgia",101114,756389,512219,1444,37.8,199812.0,67567.0,44928.0,3.8
2017,"Congressional District 7 (115th Congress), Georgia",165469,807492,438984,1316,36.1,147299.0,111004.0,34381.0,4.4
2017,"Congressional District 8 (115th Congress), Georgia",219698,702262,438414,743,37.5,62174.0,156301.0,25028.0,6.5
2017,"Congressional District 9 (115th Congress), Georgia",51911,755181,662950,791,41.4,75395.0,162283.0,25957.0,3.9
2017,"Congressional District 10 (115th Congress), Georgia",181090,736838,507062,897,36.4,72931.0,163249.0,25761.0,4.6
2017,"Congressional District 11 (115th Congress), Georgia",126476,768968,573682,1218,36.9,137929.0,109684.0,34859.0,4.0
2017,"Congressional District 12 (115th Congress), Georgia",254478,722937,418046,733,35.9,61046.0,152042.0,22031.0,7.1
2017,"Congressional District 13 (115th Congress), Georgia",455970,752631,234457,1052,36.1,82991.0,144008.0,29504.0,6.9
2017,"Congressional District 14 (115th Congress), Georgia",66692,716957,612518,769,37.8,49770.0,164804.0,26370.0,5.2
2017,"Congressional District 1 (115th Congress), Hawaii",13089,714328,126170,1698,39.7,120131.0,130467.0,36409.0,3.3
2017,"Congressional District 2 (115th Congress), Hawaii",10297,713210,230943,1465,38.6,96862.0,150027.0,32921.0,5.2
2017,"Congressional District 1 (115th Congress), Idaho",5685,890052,799153,938,38.2,103077.0,171930.0,26247.0,4.3
2017,"Congressional District 2 (115th Congress), Idaho",5662,826891,746858,826,34.2,99723.0,141099.0,25143.0,3.9
2017,"Congressional District 1 (115th Congress), Illinois",362478,720977,301363,1077,38.7,78097.0,132940.0,26893.0,13.0
2017,"Congressional District 2 (115th Congress), Illinois",406149,702756,255289,987,37.9,61680.0,139959.0,26579.0,13.2
2017,"Congressional District 3 (115th Congress), Illinois",34516,725538,546187,1170,37.7,92087.0,144784.0,32308.0,5.5
2017,"Congressional District 4 (115th Congress), Illinois",30889,700585,394981,1112,33.7,78803.0,124809.0,27129.0,5.3
2017,"Congressional District 5 (115th Congress), Illinois",22293,729300,583221,1483,35.6,180046.0,89914.0,45111.0,3.6
2017,"Congressional District 6 (115th Congress), Illinois",22125,720542,580295,1628,40.4,160712.0,83118.0,44606.0,3.9
2017,"Congressional District 7 (115th Congress), Illinois",318963,697263,269266,1302,34.6,112887.0,100670.0,31030.0,9.2
2017,"Congressional District 8 (115th Congress), Illinois",36215,713012,467746,1269,37.3,106562.0,122423.0,33618.0,4.6
2017,"Congressional District 9 (115th Congress), Illinois",65776,732614,527107,1346,40.2,164305.0,91032.0,36131.0,3.1
2017,"Congressional District 10 (115th Congress), Illinois",49553,714681,495221,1398,38.2,120248.0,98997.0,34293.0,4.8
2017,"Congressional District 11 (115th Congress), Illinois",80694,721823,473197,1339,36.9,106025.0,108432.0,34297.0,5.3
2017,"Congressional District 12 (115th Congress), Illinois",117909,695178,538586,763,39.5,64614.0,152508.0,26538.0,6.1
2017,"Congressional District 13 (115th Congress), Illinois",82290,698295,566165,792,36.6,81952.0,136190.0,27232.0,6.3
2017,"Congressional District 14 (115th Congress), Illinois",23028,746748,646788,1546,39.2,130189.0,116976.0,40373.0,4.2
2017,"Congressional District 15 (115th Congress), Illinois",28666,701482,649324,668,40.6,62586.0,164613.0,27389.0,5.4
2017,"Congressional District 16 (115th Congress), Illinois",26924,690420,621469,891,40.3,63286.0,161618.0,30220.0,6.4
2017,"Congressional District 17 (115th Congress), Illinois",83233,689744,568539,717,40.7,60153.0,161449.0,25746.0,7.9
2017,"Congressional District 18 (115th Congress), Illinois",27285,701065,635168,834,40.5,105671.0,141742.0,33421.0,4.4
2017,"Congressional District 1 (115th Congress), Indiana",131496,714257,497973,884,39.2,76383.0,170121.0,29430.0,6.5
2017,"Congressional District 2 (115th Congress), Indiana",52365,722928,624684,756,37.9,65774.0,160692.0,27286.0,4.4
2017,"Congressional District 3 (115th Congress), Indiana",44618,744914,651867,738,37.2,74147.0,163296.0,29065.0,4.1
2017,"Congressional District 4 (115th Congress), Indiana",31152,758815,673402,813,36.8,80698.0,171469.0,28603.0,3.8
2017,"Congressional District 5 (115th Congress), Indiana",71308,781441,654034,1012,38.5,158118.0,114974.0,36593.0,3.7
2017,"Congressional District 6 (115th Congress), Indiana",21410,720147,670777,756,40.3,70334.0,188536.0,27389.0,4.2
2017,"Congressional District 7 (115th Congress), Indiana",220433,755875,462354,858,33.5,76736.0,151447.0,25459.0,7.0
2017,"Congressional District 8 (115th Congress), Indiana",28896,714623,654641,724,39.1,68218.0,164759.0,26623.0,4.5
2017,"Congressional District 9 (115th Congress), Indiana",22283,753818,688165,829,38.0,82860.0,165473.0,28696.0,4.6
2017,"Congressional District 1 (115th Congress), Iowa",30463,774043,704638,811,39.1,96770.0,166318.0,30766.0,3.7
2017,"Congressional District 2 (115th Congress), Iowa",30640,780802,699117,822,38.2,95514.0,160325.0,29772.0,4.0
2017,"Congressional District 3 (115th Congress), Iowa",34198,835190,732513,975,37.1,126005.0,150589.0,33649.0,3.4
2017,"Congressional District 4 (115th Congress), Iowa",11775,755676,694798,713,39.2,88341.0,161998.0,29999.0,3.2
2017,"Congressional District 1 (115th Congress), Kansas",18842,702327,630124,726,35.4,75051.0,126511.0,26455.0,3.5
2017,"Congressional District 2 (115th Congress), Kansas",33080,715120,624034,786,37.9,86596.0,143714.0,27337.0,4.2
2017,"Congressional District 3 (115th Congress), Kansas",66398,770493,620539,1135,36.7,149759.0,91370.0,37034.0,3.7
2017,"Congressional District 4 (115th Congress), Kansas",48887,725183,587518,819,36.7,92136.0,129174.0,28731.0,5.4
2017,"Congressional District 1 (115th Congress), Kentucky",51828,716177,636504,615,40.3,44945.0,184944.0,22839.0,5.2
2017,"Congressional District 2 (115th Congress), Kentucky",41225,760681,678195,762,38.4,58581.0,186020.0,26236.0,5.2
2017,"Congressional District 3 (115th Congress), Kentucky",166022,746559,530221,883,37.9,97498.0,145146.0,30467.0,5.7
2017,"Congressional District 4 (115th Congress), Kentucky",26828,760043,696547,891,39.0,90284.0,157713.0,30593.0,4.6
2017,"Congressional District 5 (115th Congress), Kentucky",9924,696337,672153,483,40.9,34705.0,180924.0,18366.0,8.4
2017,"Congressional District 6 (115th Congress), Kentucky",65810,774392,659050,812,37.1,97903.0,142313.0,26912.0,5.0
2017,"Congressional District 1 (115th Congress), Louisiana",119936,808968,622417,943,38.3,108846.0,162196.0,30024.0,4.3
2017,"Congressional District 2 (115th Congress), Louisiana",497648,797298,245614,865,36.6,74248.0,167820.0,21736.0,8.9
2017,"Congressional District 3 (115th Congress), Louisiana",195677,788118,552065,721,36.1,78947.0,199412.0,25780.0,6.5
2017,"Congressional District 4 (115th Congress), Louisiana",257292,753143,456657,666,37.1,61601.0,184088.0,21039.0,8.1
2017,"Congressional District 5 (115th Congress), Louisiana",266475,740217,450459,596,37.5,60827.0,183540.0,21251.0,6.8
2017,"Congressional District 6 (115th Congress), Louisiana",184311,796589,563606,904,35.6,97970.0,164470.0,31343.0,5.2
2017,"Congressional District 1 (115th Congress), Maine",11595,683279,643530,1060,44.0,117832.0,135209.0,31445.0,3.9
2017,"Congressional District 2 (115th Congress), Maine",4777,652628,618081,738,45.1,76028.0,165507.0,25186.0,4.5
2017,"Congressional District 1 (115th Congress), Maryland",88318,734002,602375,1187,42.6,97110.0,152081.0,33478.0,6.0
2017,"Congressional District 2 (115th Congress), Maryland",270602,765155,401242,1263,36.3,100401.0,150255.0,35355.0,5.9
2017,"Congressional District 3 (115th Congress), Maryland",179605,763763,460835,1560,37.3,132208.0,106652.0,41881.0,4.3
2017,"Congressional District 4 (115th Congress), Maryland",391377,761353,224640,1549,38.1,97977.0,140089.0,39198.0,5.9
2017,"Congressional District 5 (115th Congress), Maryland",296695,768507,371366,1729,38.2,105769.0,137254.0,42630.0,4.1
2017,"Congressional District 6 (115th Congress), Maryland",98677,779616,503747,1426,38.9,116301.0,122236.0,35725.0,5.1
2017,"Congressional District 7 (115th Congress), Maryland",378297,718158,258085,1199,38.9,99715.0,124693.0,32289.0,6.2
2017,"Congressional District 8 (115th Congress), Maryland",103102,761623,500193,1773,40.4,139609.0,87568.0,47834.0,4.3
2017,"Congressional District 1 (115th Congress), Massachusetts",47737,736460,623837,1009,40.8,88906.0,154913.0,28970.0,5.6
2017,"Congressional District 2 (115th Congress), Massachusetts",40734,744124,616168,1226,39.6,116678.0,136089.0,32183.0,4.4
2017,"Congressional District 3 (115th Congress), Massachusetts",26471,769115,620262,1412,39.1,110491.0,136623.0,33913.0,4.6
2017,"Congressional District 4 (115th Congress), Massachusetts",26409,752077,642388,1684,41.1,136612.0,99437.0,42755.0,4.0
2017,"Congressional District 5 (115th Congress), Massachusetts",46371,766210,580059,1808,38.1,145535.0,102905.0,45428.0,3.8
2017,"Congressional District 6 (115th Congress), Massachusetts",30657,774450,665700,1626,42.9,151946.0,136117.0,40083.0,3.5
2017,"Congressional District 7 (115th Congress), Massachusetts",207585,806820,410387,1619,31.7,127508.0,126404.0,31442.0,6.4
2017,"Congressional District 8 (115th Congress), Massachusetts",81128,762640,568356,1707,39.8,153353.0,120683.0,43959.0,4.8
2017,"Congressional District 9 (115th Congress), Massachusetts",24795,747923,660254,1322,46.1,115557.0,150355.0,35101.0,3.8
2017,"Congressional District 1 (115th Congress), Michigan",10654,698974,643137,700,46.6,86198.0,167578.0,25044.0,5.8
2017,"Congressional District 2 (115th Congress), Michigan",48375,737365,623634,832,37.6,91014.0,150444.0,26882.0,4.4
2017,"Congressional District 3 (115th Congress), Michigan",61777,743830,624129,887,37.1,106115.0,136680.0,30024.0,4.9
2017,"Congressional District 4 (115th Congress), Michigan",13499,702994,660158,713,41.6,66106.0,168241.0,25056.0,5.3
2017,"Congressional District 5 (115th Congress), Michigan",117190,677788,522432,710,41.8,59839.0,153631.0,24945.0,9.7
2017,"Congressional District 6 (115th Congress), Michigan",57604,718436,608381,807,38.7,83411.0,140580.0,27969.0,4.8
2017,"Congressional District 7 (115th Congress), Michigan",29673,701645,639635,849,42.3,72302.0,161963.0,30075.0,4.6
2017,"Congressional District 8 (115th Congress), Michigan",42434,736333,626999,1074,38.4,116925.0,106837.0,32309.0,4.6
2017,"Congressional District 9 (115th Congress), Michigan",102616,720890,559797,943,40.3,96835.0,140540.0,31743.0,5.2
2017,"Congressional District 10 (115th Congress), Michigan",19866,717703,663301,911,43.0,74208.0,156997.0,31019.0,4.6
2017,"Congressional District 11 (115th Congress), Michigan",39924,727901,589866,1216,42.0,146409.0,94675.0,40294.0,4.1
2017,"Congressional District 12 (115th Congress), Michigan",74526,708060,557120,970,35.9,81196.0,120974.0,30951.0,4.6
2017,"Congressional District 13 (115th Congress), Michigan",362959,674157,259550,726,36.4,45386.0,149864.0,21981.0,12.2
2017,"Congressional District 14 (115th Congress), Michigan",393518,696235,236636,904,37.4,75431.0,120835.0,26890.0,10.0
2017,"Congressional District 1 (115th Congress), Minnesota",21519,675755,607868,854,38.3,84479.0,134827.0,31454.0,3.1
2017,"Congressional District 2 (115th Congress), Minnesota",35989,705074,591484,1295,37.5,125635.0,107030.0,40488.0,3.7
2017,"Congressional District 3 (115th Congress), Minnesota",58965,714299,573015,1383,40.4,157011.0,89538.0,43329.0,3.0
2017,"Congressional District 4 (115th Congress), Minnesota",76030,714075,504033,1154,36.0,124879.0,95755.0,34169.0,4.0
2017,"Congressional District 5 (115th Congress), Minnesota",121180,721389,471334,1148,33.8,146349.0,87863.0,33819.0,4.3
2017,"Congressional District 6 (115th Congress), Minnesota",28557,716009,641830,1206,37.0,101889.0,128104.0,37177.0,3.1
2017,"Congressional District 7 (115th Congress), Minnesota",11556,662695,602078,757,40.8,72411.0,149459.0,29986.0,2.9
2017,"Congressional District 8 (115th Congress), Minnesota",7334,667310,618823,837,42.8,76227.0,146332.0,29105.0,4.8
2017,"Congressional District 1 (115th Congress), Mississippi",209781,764896,521584,665,38.1,65430.0,158708.0,25502.0,5.6
2017,"Congressional District 2 (115th Congress), Mississippi",472556,701238,213783,611,36.7,51619.0,138268.0,21145.0,8.9
2017,"Congressional District 3 (115th Congress), Mississippi",266839,749247,451622,670,37.5,77074.0,145184.0,25349.0,5.2
2017,"Congressional District 4 (115th Congress), Mississippi",185157,768719,548898,730,37.4,71097.0,153451.0,24343.0,8.6
2017,"Congressional District 1 (115th Congress), Missouri",360470,729026,311886,883,36.0,88670.0,129961.0,26954.0,7.7
2017,"Congressional District 2 (115th Congress), Missouri",30467,764043,674785,1163,42.8,156037.0,99695.0,40226.0,2.8
2017,"Congressional District 3 (115th Congress), Missouri",26674,792954,733418,912,38.9,95236.0,172964.0,31386.0,3.9
2017,"Congressional District 4 (115th Congress), Missouri",34500,769533,686335,746,36.9,79926.0,170832.0,25754.0,5.0
2017,"Congressional District 5 (115th Congress), Missouri",165680,770628,525412,889,36.9,93044.0,163700.0,30101.0,4.7
2017,"Congressional District 6 (115th Congress), Missouri",32864,773740,689918,813,38.6,90204.0,177164.0,30170.0,3.4
2017,"Congressional District 7 (115th Congress), Missouri",14433,777380,712308,740,37.9,86411.0,165408.0,25109.0,4.0
2017,"Congressional District 8 (115th Congress), Missouri",33292,736228,679535,601,40.9,54269.0,197781.0,21339.0,6.0
2017,"Congressional District (at Large) (115th Congress), Montana",4635,1050493,930548,816,40.0,157326.0,203141.0,27191.0,3.5
2017,"Congressional District 1 (115th Congress), Nebraska",18097,648060,573117,892,35.6,87515.0,107833.0,31296.0,3.6
2017,"Congressional District 2 (115th Congress), Nebraska",63758,668800,545230,1093,34.9,112528.0,91003.0,35215.0,3.6
2017,"Congressional District 3 (115th Congress), Nebraska",7097,603216,558745,696,39.9,63287.0,132245.0,28722.0,2.8
2017,"Congressional District 1 (115th Congress), Nevada",85892,720730,347135,912,36.5,51428.0,166308.0,24927.0,7.6
2017,"Congressional District 2 (115th Congress), Nevada",13900,720704,580440,1037,39.7,89351.0,132466.0,31847.0,5.1
2017,"Congressional District 3 (115th Congress), Nevada",62540,803545,536054,1310,39.3,124240.0,144648.0,35488.0,4.4
2017,"Congressional District 4 (115th Congress), Nevada",112218,753060,473230,1117,36.7,75091.0,149424.0,30330.0,6.9
2017,"Congressional District 1 (115th Congress), New Hampshire",11036,673194,629671,1337,42.0,111604.0,129387.0,35344.0,3.9
2017,"Congressional District 2 (115th Congress), New Hampshire",11373,669601,620080,1229,44.3,105146.0,139177.0,32608.0,3.7
2017,"Congressional District 1 (115th Congress), New Jersey",123169,729675,501645,1324,39.4,103373.0,153111.0,33617.0,6.4
2017,"Congressional District 2 (115th Congress), New Jersey",90530,713380,537329,1277,42.2,88017.0,163442.0,29811.0,7.7
2017,"Congressional District 3 (115th Congress), New Jersey",87268,746035,597209,1526,43.5,117468.0,165085.0,36677.0,5.1
2017,"Congressional District 4 (115th Congress), New Jersey",49970,756825,634911,1613,40.7,136155.0,131624.0,39104.0,5.3
2017,"Congressional District 5 (115th Congress), New Jersey",39097,746385,590207,1862,42.6,152591.0,121752.0,42380.0,4.2
2017,"Congressional District 6 (115th Congress), New Jersey",76555,742483,462121,1599,37.7,124048.0,128936.0,36713.0,4.8
2017,"Congressional District 7 (115th Congress), New Jersey",37641,754222,597367,1976,43.1,151275.0,111163.0,47373.0,4.3
2017,"Congressional District 8 (115th Congress), New Jersey",72821,777484,445341,1416,35.0,120030.0,152316.0,30756.0,5.0
2017,"Congressional District 9 (115th Congress), New Jersey",73737,769504,481800,1460,37.8,117799.0,169982.0,32089.0,4.1
2017,"Congressional District 10 (115th Congress), New Jersey",404441,781893,217684,1318,35.9,105705.0,159508.0,29751.0,8.7
2017,"Congressional District 11 (115th Congress), New Jersey",26686,729569,597063,2014,43.3,161044.0,108683.0,50393.0,3.9
2017,"Congressional District 12 (115th Congress), New Jersey",135657,758189,449561,1631,39.5,129394.0,131256.0,37267.0,4.7
2017,"Congressional District 1 (115th Congress), New Mexico",19113,696688,545988,898,38.6,88503.0,116263.0,27272.0,5.2
2017,"Congressional District 2 (115th Congress), New Mexico",14898,694692,581641,628,35.6,53497.0,128629.0,21245.0,7.3
2017,"Congressional District 3 (115th Congress), New Mexico",10420,696690,454391,804,38.4,69995.0,125707.0,25440.0,7.3
2017,"Congressional District 1 (115th Congress), New York",37140,718652,627374,1868,42.7,102279.0,138437.0,40315.0,3.7
2017,"Congressional District 2 (115th Congress), New York",79729,721373,538998,2060,39.2,91813.0,142077.0,36997.0,3.9
2017,"Congressional District 3 (115th Congress), New York",30856,725627,528071,2149,45.4,144278.0,101534.0,44228.0,3.6
2017,"Congressional District 4 (115th Congress), New York",107046,728807,465917,2134,40.6,116642.0,121230.0,40560.0,3.6
2017,"Congressional District 5 (115th Congress), New York",383985,798555,139306,1634,37.5,97758.0,162889.0,30876.0,7.1
2017,"Congressional District 6 (115th Congress), New York",27818,761797,330217,1432,40.9,115755.0,153149.0,30917.0,3.8
2017,"Congressional District 7 (115th Congress), New York",78038,755717,364752,1470,33.5,108118.0,121391.0,27553.0,6.4
2017,"Congressional District 8 (115th Congress), New York",416704,793532,244335,1354,36.1,108697.0,165725.0,30104.0,6.6
2017,"Congressional District 9 (115th Congress), New York",351773,750170,279027,1384,36.8,114413.0,143590.0,31772.0,7.3
2017,"Congressional District 10 (115th Congress), New York",34118,733275,499476,1746,37.0,158122.0,74244.0,50219.0,4.4
2017,"Congressional District 11 (115th Congress), New York",62492,755204,517368,1507,40.0,109399.0,149971.0,34809.0,5.0
2017,"Congressional District 12 (115th Congress), New York",36774,714279,518707,2120,35.7,224422.0,53310.0,67111.0,3.3
2017,"Congressional District 13 (115th Congress), New York",228167,802800,210492,1186,34.9,102809.0,125450.0,23965.0,8.9
2017,"Congressional District 14 (115th Congress), New York",76703,691813,298249,1449,38.8,85035.0,158369.0,29366.0,5.3
2017,"Congressional District 15 (115th Congress), New York",282080,781143,133669,1088,31.4,48830.0,131717.0,16883.0,13.4
2017,"Congressional District 16 (115th Congress), New York",250943,742552,337798,1571,40.5,103488.0,118443.0,33878.0,5.7
2017,"Congressional District 17 (115th Congress), New York",78346,746412,518483,2001,38.8,116731.0,104269.0,38784.0,5.1
2017,"Congressional District 18 (115th Congress), New York",71673,730114,562858,1648,39.5,98438.0,129924.0,36953.0,4.4
2017,"Congressional District 19 (115th Congress), New York",33744,700975,615592,1026,44.9,81438.0,162146.0,30204.0,5.0
2017,"Congressional District 20 (115th Congress), New York",71078,732130,580145,1066,39.3,102067.0,121297.0,34360.0,5.7
2017,"Congressional District 21 (115th Congress), New York",24939,705669,646146,826,40.6,64222.0,176410.0,28369.0,5.1
2017,"Congressional District 22 (115th Congress), New York",28308,696819,624453,771,41.1,67076.0,161902.0,27055.0,5.4
2017,"Congressional District 23 (115th Congress), New York",20147,702026,634383,757,40.5,64963.0,159071.0,25297.0,5.2
2017,"Congressional District 24 (115th Congress), New York",60423,707889,594560,883,40.0,85437.0,139190.0,30170.0,5.8
2017,"Congressional District 25 (115th Congress), New York",113925,719033,536566,968,38.9,99490.0,121824.0,30130.0,5.6
2017,"Congressional District 26 (115th Congress), New York",130629,714521,505151,801,38.2,91198.0,138381.0,27357.0,5.5
2017,"Congressional District 27 (115th Congress), New York",19406,718515,671264,923,44.2,92002.0,158125.0,32084.0,3.8
2017,"Congressional District 1 (115th Congress), North Carolina",331997,759049,368007,828,38.0,89398.0,144632.0,24656.0,7.1
2017,"Congressional District 2 (115th Congress), North Carolina",162920,835806,598492,1060,38.7,132615.0,131365.0,32123.0,4.8
2017,"Congressional District 3 (115th Congress), North Carolina",157555,755647,541366,861,37.0,79128.0,139052.0,25878.0,7.2
2017,"Congressional District 4 (115th Congress), North Carolina",190091,856104,519494,1173,34.9,177115.0,82937.0,36653.0,3.4
2017,"Congressional District 5 (115th Congress), North Carolina",110370,758376,601715,718,40.8,92086.0,145161.0,25731.0,4.6
2017,"Congressional District 6 (115th Congress), North Carolina",156888,768546,548638,753,41.1,85132.0,154153.0,27045.0,5.2
2017,"Congressional District 7 (115th Congress), North Carolina",149828,800096,599131,830,41.7,99164.0,158221.0,25798.0,5.8
2017,"Congressional District 8 (115th Congress), North Carolina",188055,789484,519725,873,36.2,95014.0,140980.0,26960.0,6.6
2017,"Congressional District 9 (115th Congress), North Carolina",143596,788020,519805,931,39.1,115000.0,131145.0,29970.0,4.7
2017,"Congressional District 10 (115th Congress), North Carolina",91407,760410,616913,756,41.9,84271.0,161895.0,25312.0,5.3
2017,"Congressional District 11 (115th Congress), North Carolina",26014,759358,687713,685,45.5,92536.0,157609.0,24363.0,4.2
2017,"Congressional District 12 (115th Congress), North Carolina",324166,860866,397225,1094,34.1,161265.0,109615.0,31951.0,4.6
2017,"Congressional District 13 (115th Congress), North Carolina",173692,781657,548521,831,39.5,104015.0,143790.0,26929.0,6.2
2017,"Congressional District (at Large) (115th Congress), North Dakota",23294,755393,654116,799,35.4,108045.0,130900.0,33648.0,2.9
2017,"Congressional District 1 (115th Congress), Ohio",158038,740851,529224,946,36.8,107387.0,140066.0,31069.0,5.0
2017,"Congressional District 2 (115th Congress), Ohio",64630,728153,629814,870,40.1,93316.0,161287.0,30863.0,3.9
2017,"Congressional District 3 (115th Congress), Ohio",271328,782878,419577,914,32.6,91865.0,154272.0,26270.0,5.9
2017,"Congressional District 4 (115th Congress), Ohio",36602,710603,640309,739,40.8,58661.0,198983.0,27737.0,4.9
2017,"Congressional District 5 (115th Congress), Ohio",20061,717547,656075,790,39.5,79498.0,170967.0,29833.0,3.9
2017,"Congressional District 6 (115th Congress), Ohio",16897,696153,661763,629,43.5,49448.0,217743.0,25091.0,5.1
2017,"Congressional District 7 (115th Congress), Ohio",27856,725665,670846,754,41.2,65296.0,200143.0,27897.0,4.8
2017,"Congressional District 8 (115th Congress), Ohio",43920,730445,644120,827,38.7,73489.0,182648.0,29896.0,4.6
2017,"Congressional District 9 (115th Congress), Ohio",117332,720715,529396,754,38.0,70240.0,162215.0,25551.0,8.1
2017,"Congressional District 10 (115th Congress), Ohio",119610,721456,550466,825,39.0,85014.0,135686.0,27627.0,6.1
2017,"Congressional District 11 (115th Congress), Ohio",360708,675475,266886,775,39.0,68882.0,136087.0,22798.0,9.8
2017,"Congressional District 12 (115th Congress), Ohio",38427,780529,675727,1080,38.3,140576.0,134552.0,34013.0,3.1
2017,"Congressional District 13 (115th Congress), Ohio",83173,715559,587140,719,40.6,75506.0,199288.0,25430.0,6.6
2017,"Congressional District 14 (115th Congress), Ohio",37485,724790,652988,966,43.7,110455.0,146469.0,32477.0,3.8
2017,"Congressional District 15 (115th Congress), Ohio",30907,772776,701488,979,37.7,102190.0,171473.0,32628.0,3.9
2017,"Congressional District 16 (115th Congress), Ohio",14379,715014,664255,916,43.3,110111.0,149330.0,32946.0,3.9
2017,"Congressional District 1 (115th Congress), Oklahoma",70264,803883,573287,875,36.2,108074.0,140809.0,29193.0,5.7
2017,"Congressional District 2 (115th Congress), Oklahoma",23795,744806,492087,587,40.3,56241.0,190251.0,21998.0,6.7
2017,"Congressional District 3 (115th Congress), Oklahoma",27561,774066,613579,686,36.6,77390.0,169368.0,25671.0,4.5
2017,"Congressional District 4 (115th Congress), Oklahoma",53272,789947,595799,833,35.8,88300.0,162593.0,27162.0,4.9
2017,"Congressional District 5 (115th Congress), Oklahoma",111824,818162,562740,853,34.8,107238.0,141224.0,27802.0,5.1
2017,"Congressional District 1 (115th Congress), Oregon",15029,844175,675017,1433,37.8,156260.0,109882.0,35749.0,4.5
2017,"Congressional District 2 (115th Congress), Oregon",5192,821129,739241,951,42.3,92917.0,161832.0,26504.0,5.7
2017,"Congressional District 3 (115th Congress), Oregon",43459,842158,660691,1332,37.5,154584.0,119606.0,31676.0,4.7
2017,"Congressional District 4 (115th Congress), Oregon",5902,803611,709844,968,41.1,91228.0,144456.0,24460.0,6.6
2017,"Congressional District 5 (115th Congress), Oregon",8168,831703,712449,1171,39.3,114171.0,138034.0,31048.0,4.3
2017,"Congressional District 1 (115th Congress), Pennsylvania",267639,728366,332193,955,34.1,80574.0,173765.0,26854.0,8.9
2017,"Congressional District 2 (115th Congress), Pennsylvania",411207,726135,245744,971,34.7,91094.0,150300.0,25984.0,8.3
2017,"Congressional District 3 (115th Congress), Pennsylvania",30709,691184,631323,728,43.0,85961.0,194130.0,26547.0,5.7
2017,"Congressional District 4 (115th Congress), Pennsylvania",57402,729945,623934,1031,40.5,88479.0,184322.0,31644.0,4.6
2017,"Congressional District 5 (115th Congress), Pennsylvania",18967,696063,649753,696,41.5,74424.0,203473.0,24807.0,5.6
2017,"Congressional District 6 (115th Congress), Pennsylvania",39874,728576,618782,1328,40.7,134387.0,140423.0,37809.0,4.6
2017,"Congressional District 7 (115th Congress), Pennsylvania",41358,725762,622048,1418,41.9,130577.0,131213.0,40437.0,3.8
2017,"Congressional District 8 (115th Congress), Pennsylvania",28907,713998,624282,1437,43.7,121419.0,145390.0,39341.0,3.7
2017,"Congressional District 9 (115th Congress), Pennsylvania",19825,687620,648066,690,43.8,63731.0,215649.0,25727.0,5.6
2017,"Congressional District 10 (115th Congress), Pennsylvania",25172,694398,643550,812,44.3,69268.0,203702.0,26352.0,4.4
2017,"Congressional District 11 (115th Congress), Pennsylvania",44144,701056,617299,841,42.9,76549.0,202239.0,29953.0,4.2
2017,"Congressional District 12 (115th Congress), Pennsylvania",24502,689237,634236,810,45.6,98221.0,177878.0,32097.0,4.9
2017,"Congressional District 13 (115th Congress), Pennsylvania",127968,728475,469565,1169,38.3,112547.0,165191.0,32509.0,6.3
2017,"Congressional District 14 (115th Congress), Pennsylvania",142364,687028,489032,810,38.4,100209.0,150209.0,27350.0,6.0
2017,"Congressional District 15 (115th Congress), Pennsylvania",41814,734824,616828,1084,40.0,88858.0,175183.0,30492.0,5.2
2017,"Congressional District 16 (115th Congress), Pennsylvania",52219,731802,604697,1031,37.5,82346.0,167687.0,28713.0,4.8
2017,"Congressional District 17 (115th Congress), Pennsylvania",44208,697535,608471,845,43.1,74067.0,195539.0,27098.0,5.8
2017,"Congressional District 18 (115th Congress), Pennsylvania",18802,713533,659685,903,44.4,124686.0,158204.0,33111.0,3.7
2017,"Congressional District 1 (115th Congress), Rhode Island",44282,539250,415975,1132,38.5,74343.0,111916.0,28875.0,5.7
2017,"Congressional District 2 (115th Congress), Rhode Island",22378,520389,450283,1267,40.5,75356.0,108697.0,32026.0,5.8
2017,"Congressional District 1 (115th Congress), South Carolina",152737,782340,581337,1210,39.5,135941.0,131118.0,33234.0,4.0
2017,"Congressional District 2 (115th Congress), South Carolina",169771,713488,500554,884,38.7,104275.0,133997.0,30163.0,5.8
2017,"Congressional District 3 (115th Congress), South Carolina",128875,687378,525825,676,40.6,63939.0,147415.0,23811.0,5.4
2017,"Congressional District 4 (115th Congress), South Carolina",130730,731886,537222,838,38.2,96373.0,124548.0,27000.0,4.5
2017,"Congressional District 5 (115th Congress), South Carolina",189083,718465,493772,763,40.1,81465.0,151048.0,26753.0,6.5
2017,"Congressional District 6 (115th Congress), South Carolina",380428,670725,261733,728,36.0,52283.0,152066.0,20849.0,7.4
2017,"Congressional District 7 (115th Congress), South Carolina",205761,720087,479776,707,42.9,72748.0,175880.0,22440.0,7.4
2017,"Congressional District (at Large) (115th Congress), South Dakota",16987,869666,736581,774,36.9,109803.0,176709.0,30245.0,3.5
2017,"Congressional District 1 (115th Congress), Tennessee",20486,714912,670881,626,43.7,64326.0,187076.0,21990.0,5.5
2017,"Congressional District 2 (115th Congress), Tennessee",46180,747673,665729,816,39.7,96597.0,154183.0,27286.0,4.5
2017,"Congressional District 3 (115th Congress), Tennessee",78206,733082,620351,703,41.8,81719.0,180708.0,25246.0,4.8
2017,"Congressional District 4 (115th Congress), Tennessee",74529,782024,662369,833,37.5,87645.0,175668.0,27787.0,4.2
2017,"Congressional District 5 (115th Congress), Tennessee",186387,774096,527040,1072,34.9,134829.0,130526.0,31116.0,4.0
2017,"Congressional District 6 (115th Congress), Tennessee",34483,772984,703869,753,40.7,79436.0,195076.0,26530.0,4.2
2017,"Congressional District 7 (115th Congress), Tennessee",76872,778057,655408,858,37.6,96608.0,167520.0,28774.0,4.8
2017,"Congressional District 8 (115th Congress), Tennessee",141559,716130,531992,809,40.6,84048.0,155311.0,29069.0,4.7
2017,"Congressional District 9 (115th Congress), Tennessee",463973,697026,183952,872,33.7,65632.0,142012.0,24269.0,8.2
2017,"Congressional District 1 (115th Congress), Texas",126692,717376,552624,743,37.2,67293.0,129922.0,24236.0,6.1
2017,"Congressional District 2 (115th Congress), Texas",93043,772262,522695,1251,36.1,140583.0,97199.0,36842.0,4.2
2017,"Congressional District 3 (115th Congress), Texas",85527,870763,596600,1534,37.3,196693.0,77784.0,45710.0,3.6
2017,"Congressional District 4 (115th Congress), Texas",76068,747188,607184,803,38.5,77246.0,158426.0,27619.0,4.9
2017,"Congressional District 5 (115th Congress), Texas",111031,769579,595147,896,36.1,62625.0,151694.0,27143.0,4.7
2017,"Congressional District 6 (115th Congress), Texas",171623,792043,515052,1134,35.3,97093.0,123329.0,32471.0,3.9
2017,"Congressional District 7 (115th Congress), Texas",115864,800081,518089,1327,34.5,150044.0,80753.0,39177.0,5.2
2017,"Congressional District 8 (115th Congress), Texas",78845,863498,713846,1139,37.1,117313.0,153905.0,32519.0,5.1
2017,"Congressional District 9 (115th Congress), Texas",290104,789535,307132,953,32.9,83395.0,131068.0,26427.0,6.7
2017,"Congressional District 10 (115th Congress), Texas",89980,846261,596955,1274,35.2,147913.0,127834.0,37893.0,4.4
2017,"Congressional District 11 (115th Congress), Texas",28810,759467,640080,808,35.2,71280.0,157751.0,28788.0,4.2
2017,"Congressional District 12 (115th Congress), Texas",70349,806551,630953,1148,35.1,115879.0,132782.0,32938.0,4.6
2017,"Congressional District 13 (115th Congress), Texas",38442,713480,601574,754,36.2,66740.0,145731.0,26951.0,4.3
2017,"Congressional District 14 (115th Congress), Texas",152875,765031,540561,937,36.9,81426.0,150315.0,30282.0,5.3
2017,"Congressional District 15 (115th Congress), Texas",15360,790730,659057,673,31.2,62152.0,118358.0,19978.0,6.1
2017,"Congressional District 16 (115th Congress), Texas",26702,742384,571370,865,32.8,72730.0,106163.0,22785.0,6.3
2017,"Congressional District 17 (115th Congress), Texas",99676,771567,580432,934,33.2,95018.0,124687.0,26779.0,4.5
2017,"Congressional District 18 (115th Congress), Texas",276779,800402,401002,923,32.4,70839.0,140639.0,26151.0,7.1
2017,"Congressional District 19 (115th Congress), Texas",45700,734202,612852,780,33.1,67842.0,133070.0,24736.0,4.9
2017,"Congressional District 20 (115th Congress), Texas",41029,806372,678705,940,32.0,80895.0,135226.0,25183.0,5.7
2017,"Congressional District 21 (115th Congress), Texas",31383,809322,692055,1222,37.8,162515.0,102894.0,35571.0,3.4
2017,"Congressional District 22 (115th Congress), Texas",118698,897080,549421,1496,36.0,165234.0,92266.0,40433.0,5.8
2017,"Congressional District 23 (115th Congress), Texas",26870,769276,631195,782,33.3,73665.0,131585.0,23991.0,5.3
2017,"Congressional District 24 (115th Congress), Texas",101061,800103,511962,1256,35.8,161339.0,102225.0,40820.0,3.8
2017,"Congressional District 25 (115th Congress), Texas",53321,789825,658522,1175,36.4,128004.0,116678.0,33190.0,4.3
2017,"Congressional District 26 (115th Congress), Texas",69384,879237,682926,1469,35.5,172391.0,98465.0,41293.0,3.9
2017,"Congressional District 27 (115th Congress), Texas",38993,740277,635866,851,37.1,66462.0,149556.0,26576.0,5.2
2017,"Congressional District 28 (115th Congress), Texas",35603,753502,657044,772,31.7,56162.0,132063.0,22338.0,6.5
2017,"Congressional District 29 (115th Congress), Texas",90376,761833,596785,830,30.5,33708.0,131005.0,23928.0,7.3
2017,"Congressional District 30 (115th Congress), Texas",333593,774443,365513,993,32.8,66472.0,139846.0,27272.0,6.0
2017,"Congressional District 31 (115th Congress), Texas",97883,853799,639222,1200,34.8,132241.0,126346.0,34533.0,4.5
2017,"Congressional District 32 (115th Congress), Texas",112612,763452,520153,1295,36.4,142848.0,88272.0,35753.0,4.7
2017,"Congressional District 33 (115th Congress), Texas",113850,753565,485868,835,30.0,31985.0,130648.0,24119.0,6.2
2017,"Congressional District 34 (115th Congress), Texas",8248,727595,667801,604,32.0,48991.0,123688.0,19277.0,5.8
2017,"Congressional District 35 (115th Congress), Texas",85700,830041,575889,993,32.5,82009.0,150951.0,26340.0,5.2
2017,"Congressional District 36 (115th Congress), Texas",71157,742474,617008,834,37.8,61286.0,159552.0,29608.0,7.7
2017,"Congressional District 1 (115th Congress), Utah",7936,763612,685906,1035,31.0,93359.0,111799.0,29423.0,3.2
2017,"Congressional District 2 (115th Congress), Utah",9511,765809,630455,1042,32.7,98790.0,111194.0,28842.0,4.0
2017,"Congressional District 3 (115th Congress), Utah",3805,767012,698546,1176,28.4,116292.0,70331.0,27216.0,3.6
2017,"Congressional District 4 (115th Congress), Utah",16417,805400,642106,1239,31.5,108363.0,114754.0,31811.0,3.6
2017,"Congressional District (at Large) (115th Congress), Vermont",8260,623657,587265,1088,42.6,98774.0,127426.0,29800.0,3.8
2017,"Congressional District 1 (115th Congress), Virginia",132436,805159,581323,1442,39.1,123179.0,134568.0,38171.0,4.4
2017,"Congressional District 2 (115th Congress), Virginia",145143,741514,496237,1310,36.1,106167.0,112738.0,32650.0,4.4
2017,"Congressional District 3 (115th Congress), Virginia",342735,739840,331787,1120,35.0,81599.0,136462.0,27567.0,7.0
2017,"Congressional District 4 (115th Congress), Virginia",316574,771899,400954,1075,37.5,94284.0,149448.0,28639.0,6.5
2017,"Congressional District 5 (115th Congress), Virginia",133689,727064,553164,821,42.6,89616.0,151881.0,27458.0,4.4
2017,"Congressional District 6 (115th Congress), Virginia",86003,752763,619380,847,39.5,85241.0,164627.0,26947.0,4.2
2017,"Congressional District 7 (115th Congress), Virginia",146430,790084,551853,1229,39.7,134603.0,133743.0,37123.0,4.4
2017,"Congressional District 8 (115th Congress), Virginia",119677,801609,502739,1915,36.1,176220.0,74778.0,53745.0,3.5
2017,"Congressional District 9 (115th Congress), Virginia",37729,711755,646102,575,42.9,58121.0,168709.0,22316.0,4.9
2017,"Congressional District 10 (115th Congress), Virginia",64415,850118,581866,2036,38.0,169183.0,89018.0,50228.0,3.6
2017,"Congressional District 11 (115th Congress), Virginia",102810,778215,449294,1889,37.4,151977.0,80515.0,49341.0,4.0
2017,"Congressional District 1 (115th Congress), Washington",10416,744868,575417,1693,38.3,142619.0,99582.0,42201.0,3.6
2017,"Congressional District 2 (115th Congress), Washington",23491,745184,570102,1362,38.7,113327.0,119029.0,33197.0,4.5
2017,"Congressional District 3 (115th Congress), Washington",11387,731931,634711,1161,39.9,87448.0,129904.0,31329.0,6.3
2017,"Congressional District 4 (115th Congress), Washington",7015,724053,542579,901,34.1,57352.0,122244.0,26335.0,5.2
2017,"Congressional District 5 (115th Congress), Washington",9985,716859,626123,928,37.9,89845.0,113825.0,27660.0,5.4
2017,"Congressional District 6 (115th Congress), Washington",24468,713112,580682,1162,41.5,94679.0,126901.0,32158.0,5.1
2017,"Congressional District 7 (115th Congress), Washington",32177,768408,559909,1689,36.9,199907.0,61370.0,47977.0,3.8
2017,"Congressional District 8 (115th Congress), Washington",18980,757166,567419,1538,37.6,110853.0,124297.0,37099.0,4.7
2017,"Congressional District 9 (115th Congress), Washington",87030,765319,385195,1601,36.9,142711.0,103303.0,37191.0,4.9
2017,"Congressional District 10 (115th Congress), Washington",46635,738843,540224,1282,36.1,91651.0,127829.0,33430.0,6.4
2017,"Congressional District 1 (115th Congress), West Virginia",16758,611376,574921,583,41.2,56748.0,169944.0,24436.0,6.4
2017,"Congressional District 2 (115th Congress), West Virginia",30023,621635,566106,686,42.5,56917.0,176893.0,26194.0,6.8
2017,"Congressional District 3 (115th Congress), West Virginia",25210,582846,543294,502,43.2,42713.0,179815.0,20887.0,6.9
2017,"Congressional District 1 (115th Congress), Wisconsin",40377,715529,621782,1011,40.6,97269.0,151641.0,32580.0,4.7
2017,"Congressional District 2 (115th Congress), Wisconsin",34485,761806,651254,1116,36.4,127852.0,116529.0,35219.0,2.7
2017,"Congressional District 3 (115th Congress), Wisconsin",8923,720944,673452,816,38.7,83216.0,156492.0,28038.0,2.9
2017,"Congressional District 4 (115th Congress), Wisconsin",239185,708971,358489,883,33.2,77113.0,137821.0,25989.0,5.7
2017,"Congressional District 5 (115th Congress), Wisconsin",18445,730386,662695,1093,41.6,132537.0,138930.0,35506.0,2.9
2017,"Congressional District 6 (115th Congress), Wisconsin",12677,715060,659287,840,42.1,89595.0,171403.0,31200.0,3.0
2017,"Congressional District 7 (115th Congress), Wisconsin",5135,710385,661482,778,44.4,79232.0,177102.0,29225.0,3.6
2017,"Congressional District 8 (115th Congress), Wisconsin",11108,732402,653735,838,40.5,95862.0,164996.0,31795.0,2.8
2017,"Congressional District (at Large) (115th Congress), Wyoming",5766,579315,528414,890,37.5,67312.0,114739.0,31213.0,5.2
2017,"Resident Commissioner District (at Large) (115th Congress), Puerto Rico",403659,3337177,2210728,329,41.4,,,,16.4
